Matching.Attribute;Ensembl;Ensembl-mapping-by-Label-as-HGNC;Ensembl-mapping-by-name-as-entrez;cl1.Status;entrez gene/locuslink;biogrid;Label;ncbi_gene_id;name;shared name
[ENSG00000113070];ENSG00000113070;;ENSG00000113070;Cluster;[DTS, DTR, DTSF, HEGFL, 1839, HBEGF];[108172];DTS;1839;1839;"1839;ENSP00000230990"
[ENSG00000010610];ENSG00000010610;ENSG00000010610;ENSG00000010610;Outlier;[CD4, CD4mut, 920];[107358];CD4;920;920;"920;ENSP00000011653"
[ENSG00000004468];ENSG00000004468;;ENSG00000004468;"Cluster;Outlier";[T10, ADPRC 1, 952, CD38];[107390];CD38;952;ENSP00000226279;ENSP00000226279
[ENSG00000041357];ENSG00000041357;ENSG00000041357;ENSG00000041357;Outlier;[PSMA4, 5685, HsT17706, PSC9, HC9];[111658];PSMA4;5685;ENSP00000044462;"5685;ENSP00000044462"
[ENSG00000123374];ENSG00000123374;;ENSG00000123374;Outlier;[p33, 1017, CDK2, CDKN2];[107452];CDK2;1017;ENSP00000266970;"1017;ENSP00000266970"
[ENSG00000011465];ENSG00000011465;;ENSG00000011465;Outlier;[1634, PGII, PGS2, PG40, DSPG2, SLRR1B, DCN, CSCD];[108002];PGII;1634;1634;"1634;ENSP00000052754"
[ENSG00000146648];ENSG00000146648;;ENSG00000146648;Outlier;[PIG61, ERBB1, mENA, ERBB, HER1, NISBD2, 1956, EGFR];[108276];EGFR;1956;ENSP00000275493;"1956;ENSP00000275493"
[ENSG00000092969];ENSG00000092969;ENSG00000092969;ENSG00000092969;Outlier;[TGFB2, TGF-beta2, LDS4, 7042];[112900];TGFB2;7042;ENSP00000355896;"7042;ENSP00000355896"
[ENSG00000112576];ENSG00000112576;ENSG00000112576;ENSG00000112576;"Cluster;Outlier";[CCND3, 896, RP5-973N23.3];[107336];CCND3;896;ENSP00000362082;ENSP00000362082
[ENSG00000145386];ENSG00000145386;ENSG00000145386;ENSG00000145386;"Cluster;Outlier";[CCNA2, CCN1, CCNA, 890];[107331];CCNA2;890;890;890
[ENSG00000085721];ENSG00000085721;;ENSG00000085721;Outlier;[A-270G1.2, RRN3, TIFIA, 54700];[120102];A-270G1.2;54700;54700;"54700;ENSP00000198767"
[ENSG00000105173];ENSG00000105173;ENSG00000105173;ENSG00000105173;"Outlier;Overlap";[CCNE1, 898, CCNE];[107338];CCNE1;898;898;898
[ENSG00000132470];ENSG00000132470;ENSG00000132470;ENSG00000132470;Outlier;[3691, ITGB4, CD104];[109897];ITGB4;3691;ENSP00000200181;"3691;ENSP00000200181"
[ENSG00000141736];ENSG00000141736;;ENSG00000141736;Outlier;[CD340, MLN 19, TKR1, NGL, ERBB2, HER-2/neu, 2064, HER2, HER-2, NEU];[108376];CD340;2064;2064;"2064;ENSP00000269571"
[ENSG00000091831];ENSG00000091831;;ENSG00000091831;Outlier;[ESR, ESTRR, Era, 2099, RP1-130E4.1, ESR1, ER, ESRA, NR3A1];[108403];ESR;2099;2099;"2099;ENSP00000206249"
[ENSG00000110092];ENSG00000110092;;ENSG00000110092;"Cluster;Outlier";[595, PRAD1, CCND1, D11S287E, BCL1, U21B31];[107067];CCND1;595;ENSP00000227507;ENSP00000227507
[ENSG00000094804];ENSG00000094804;;ENSG00000094804;"Cluster;Outlier";[990, HsCDC18, CDC18L, CDC6, HsCDC6];[107426];CDC6;990;ENSP00000209728;ENSP00000209728
[ENSG00000157456];ENSG00000157456;ENSG00000157456;ENSG00000157456;"Cluster;Outlier";[CCNB2, 9133, HsT17299];[114581];CCNB2;9133;ENSP00000288207;ENSP00000288207
[ENSG00000134057];ENSG00000134057;ENSG00000134057;ENSG00000134057;"Outlier;Overlap";[891, CCNB1, CCNB];[107332];CCNB1;891;ENSP00000256442;ENSP00000256442
[ENSG00000119699];ENSG00000119699;;ENSG00000119699;Outlier;[7043, ARVD, TGF-beta3, TGFB3, ARVD1, RNHF];[112901];TGFB3;7043;ENSP00000238682;"7043;ENSP00000238682"
[ENSG00000099341];ENSG00000099341;ENSG00000099341;ENSG00000099341;Outlier;[PSMD8, HEL-S-91n, HYPF, HIP6, S14, Rpn12, 5714, Nin1p, p31];[111686];PSMD8;5714;ENSP00000215071;"5714;ENSP00000215071"
[ENSG00000099804];ENSG00000099804;;ENSG00000099804;Outlier;[E2-CDC34, CDC34, 997, UBE2R1, UBC3, UBCH3];[107432];E2-CDC34;997;997;"997;ENSP00000215574"
[ENSG00000111276];ENSG00000111276;;ENSG00000111276;"Cluster;Outlier";[CDKN4, 1027, CDKN1B, MEN1B, MEN4, P27KIP1, KIP1];[107461];CDKN1B;1027;ENSP00000228872;ENSP00000228872
[ENSG00000099860];ENSG00000099860;ENSG00000099860;ENSG00000099860;"Cluster;Outlier";[GADD45B, GADD45BETA, MYD118, 4616];[110701];GADD45B;4616;ENSP00000215631;ENSP00000215631
[ENSG00000099985];ENSG00000099985;ENSG00000099985;ENSG00000099985;Outlier;[OSM, 5008];[111049];OSM;5008;ENSP00000215781;"5008;ENSP00000215781"
[ENSG00000113594];ENSG00000113594;;ENSG00000113594;Outlier;[SJS2, CD118, LIFR, STWS, 3977, SWS, LIF-R];[110165];SJS2;3977;3977;"3977;ENSP00000263409"
[ENSG00000100030];ENSG00000100030;;ENSG00000100030;Outlier;[PRKM1, 5594, PRKM2, p41mapk, ERT1, p41, p40, P42MAPK, ERK-2, ERK2, p38, p42-MAPK, MAPK2, MAPK1, ERK];[111580];MAPK1;5594;ENSP00000215832;"5594;ENSP00000215832"
[ENSG00000100387];ENSG00000100387;;ENSG00000100387;"Cluster;Outlier";[RNF75, RP11-554C12.1, BA554C12.1, 9978, ROC1, RBX1];[115301];RNF75;9978;9978;9978
[ENSG00000100425];ENSG00000100425;ENSG00000100425;ENSG00000100425;"Cluster;Outlier";[BRD1, BRPF1, BRPF2, 23774, RP3-522J7.4, BRL];[117273];BRD1;23774;ENSP00000216267;ENSP00000216267
[ENSG00000168395];ENSG00000168395;ENSG00000168395;ENSG00000168395;"Cluster;Outlier";[ING5, 84289, p28ING5];[124016];ING5;84289;ENSP00000322142;ENSP00000322142
[ENSG00000100485];ENSG00000100485;ENSG00000100485;ENSG00000100485;Outlier;[6655, SOS2];[112538];SOS2;6655;ENSP00000216373;"6655;ENSP00000216373"
[ENSG00000101057];ENSG00000101057;ENSG00000101057;ENSG00000101057;Outlier;[MYBL2, BMYB, B-MYB, 4605];[110690];MYBL2;4605;4605;"4605;ENSP00000217026"
[ENSG00000101843];ENSG00000101843;ENSG00000101843;ENSG00000101843;Outlier;[PSMD10, RP5-889N15.3, p28, dJ889N15.2, 5716];[111688];PSMD10;5716;ENSP00000217958;"5716;ENSP00000217958"
[ENSG00000103035];ENSG00000103035;ENSG00000103035;ENSG00000103035;Outlier;[PSMD7, S12, MOV34, 5713, P40, Rpn8];[111685];PSMD7;5713;ENSP00000219313;"5713;ENSP00000219313"
[ENSG00000103197];ENSG00000103197;;ENSG00000103197;"Cluster;Outlier";[PPP1R160, TSC4, 7249, TSC2, LAM];[113100];TSC2;7249;ENSP00000219476;ENSP00000219476
[ENSG00000103266];ENSG00000103266;;ENSG00000103266;Outlier;[HSPABP2, CHIP, 10273, UBOX1, NY-CO-7, SCAR16, LA16c-313D11.6, STUB1, SDCCAG7];[115563];HSPABP2;10273;10273;"10273;ENSP00000219548"
[ENSG00000103653];ENSG00000103653;ENSG00000103653;ENSG00000103653;Outlier;[1445, CSK];[107832];CSK;1445;1445;"1445;ENSP00000220003"
[ENSG00000076641];ENSG00000076641;;ENSG00000076641;"Cluster;Outlier";[CBP, PAG, 55824, PAG1];[120931];CBP;55824;55824;55824
[ENSG00000105401];ENSG00000105401;ENSG00000105401;ENSG00000105401;Outlier;[11140, CDC37, P50CDC37];[116312];CDC37;11140;ENSP00000222005;"11140;ENSP00000222005"
[ENSG00000105647];ENSG00000105647;;ENSG00000105647;Outlier;[P85B, 5296, MPPH1, PIK3R2, p85-BETA, p85, MPPH];[111314];P85B;5296;5296;"5296;ENSP00000222254"
[ENSG00000105971];ENSG00000105971;ENSG00000105971;ENSG00000105971;Outlier;[CAV2, CAV, 858];[107306];CAV2;858;858;"858;ENSP00000222693"
[ENSG00000115085];ENSG00000115085;;ENSG00000115085;Outlier;[ZAP-70, ZAP70, STD, STCD, TZK, 7535, SRK];[113367];ZAP70;7535;ENSP00000264972;"7535;ENSP00000264972"
[ENSG00000182866];ENSG00000182866;;ENSG00000182866;"Cluster;Outlier";[RP4-675E8.4, p56lck, LCK, LSK, IMD22, YT16, 3932, pp58lck];[110124];LCK;3932;ENSP00000337825;ENSP00000337825
[ENSG00000077684];ENSG00000077684;ENSG00000077684;ENSG00000077684;"Cluster;Outlier";[79960, JADE1, PHF17];[123029];JADE1;79960;ENSP00000226319;ENSP00000226319
[ENSG00000109320];ENSG00000109320;;ENSG00000109320;"Cluster;Outlier";[NF-kappa-B, KBF1, 4790, NFKB-p105, NF-kappaB, p50, NFKB1, NFKB-p50, NF-kB1, p105, EBP-1, NFkappaB];[110857];NFKB1;4790;ENSP00000226574;ENSP00000226574
[ENSG00000133895];ENSG00000133895;;ENSG00000133895;"Cluster;Outlier";[MEAI, 4221, SCG2, MEN1];[110384];MEN1;4221;ENSP00000337088;ENSP00000337088
[ENSG00000085117];ENSG00000085117;;ENSG00000085117;Outlier;[R2, TSPAN27, C33, CD82, ST6, 4F9, SAR2, 3732, IA4, KAI1, GR15];[109935];R2;3732;3732;"3732;ENSP00000227155"
[ENSG00000109971];ENSG00000109971;ENSG00000109971;ENSG00000109971;Outlier;[HSPA8, HSP71, NIP71, HEL-S-72p, HSPA10, HSC54, HSC70, HSC71, HEL-33, LAP-1, LAP1, 3312, HSP73];[109544];HSPA8;3312;ENSP00000227378;"3312;ENSP00000227378"
[ENSG00000197122];ENSG00000197122;;ENSG00000197122;Outlier;[RP5-823N20.1, c-SRC, ASV, SRC, p60-Src, SRC1, 6714];[112592];SRC;6714;ENSP00000350941;"6714;ENSP00000350941"
[ENSG00000113558];ENSG00000113558;;ENSG00000113558;Outlier;[TCEB1L, OCP2, EMC19, OCP-II, 6500, p19A, SKP1A, SKP1];[112391];SKP1;6500;ENSP00000231487;"6500;ENSP00000231487"
[ENSG00000168036];ENSG00000168036;;ENSG00000168036;Outlier;[1499, MRD19, CTNNB, armadillo, OK/SW-cl.35, CTNNB1];[107880];MRD19;1499;1499;"1499;ENSP00000344456"
[ENSG00000205250];ENSG00000205250;;ENSG00000205250;Outlier;[1874, E2F-4, E2F4];[108206];E2F-4;1874;1874;"1874;ENSP00000368686"
[ENSG00000116478];ENSG00000116478;;ENSG00000116478;Outlier;[GON-10, HD1, HDAC1, RPD3L1, 3065, RPD3, RP4-811H24.2];[109315];GON-10;3065;3065;"3065;ENSP00000362649"
[ENSG00000147133];ENSG00000147133;;ENSG00000147133;Outlier;[BA2R, 6872, TAFII250, XDP, N-TAF1, CCGS, DYT3, CCG1, DYT3/TAF1, KAT4, NSCL2, TAF2A, OF, P250, TAF, TAFII-250, TAF1];[112735];BA2R;6872;6872;"6872;ENSP00000276072"
[ENSG00000135446];ENSG00000135446;ENSG00000135446;ENSG00000135446;"Cluster;Outlier";[1019, CDK4, PSK-J3, CMM3];[107454];CDK4;1019;1019;1019
[ENSG00000082898];ENSG00000082898;ENSG00000082898;ENSG00000082898;"Cluster;Outlier";[XPO1, 7514, emb, exp1, CRM1];[113348];XPO1;7514;ENSP00000384863;ENSP00000384863
[ENSG00000100393];ENSG00000100393;;ENSG00000100393;Outlier;[p300, KAT3B, RSTS2, 2033, EP300, RP1-85F18.1];[108347];p300;2033;2033;"2033;ENSP00000263253"
[ENSG00000133101];ENSG00000133101;ENSG00000133101;ENSG00000133101;Outlier;[CCNA1, CT146, 8900];[114417];CCNA1;8900;ENSP00000255465;"8900;ENSP00000255465"
[ENSG00000101412];ENSG00000101412;;ENSG00000101412;"Cluster;Outlier";[RBAP1, RBP3, RBBP3, E2F1, E2F-1, 1869];[108201];RBAP1;1869;1869;1869
[ENSG00000012048];ENSG00000012048;;ENSG00000012048;"Cluster;Outlier";[RNF53, 672, IRIS, BRCAI, PNCA4, PSCP, BROVCA1, BRCC1, FANCS, PPP1R53, BRCA1];[107140];BRCA1;672;ENSP00000418960;ENSP00000418960
[ENSG00000055130];ENSG00000055130;ENSG00000055130;ENSG00000055130;Outlier;[8454, CUL1];[114032];CUL1;8454;8454;"8454;ENSP00000326804"
[ENSG00000058091];ENSG00000058091;;ENSG00000058091;Outlier;[PFTAIRE1, 5218, PFTK1, CDK14];[111239];PFTAIRE1;5218;5218;"5218;ENSP00000265741"
[ENSG00000162992];ENSG00000162992;ENSG00000162992;ENSG00000162992;Outlier;[NEUROD1, BETA2, bHLHa3, 4760, BHF-1, NEUROD, MODY6];[110833];NEUROD1;4760;4760;"4760;ENSP00000295108"
[ENSG00000129757];ENSG00000129757;ENSG00000129757;ENSG00000129757;Outlier;[CDKN1C, 1028, KIP2, p57, p57Kip2, WBS, BWCR, BWS];[107462];CDKN1C;1028;1028;"1028;ENSP00000411552"
[ENSG00000082175];ENSG00000082175;;ENSG00000082175;Outlier;[5241, PR, PGR, NR3C3];[111260];PGR;5241;ENSP00000325120;"5241;ENSP00000325120"
[ENSG00000103264];ENSG00000103264;;ENSG00000103264;"Cluster;Outlier";[Fbx31, MRT45, FBX14, FBXO14, 79791, PP2386, FBXO31];[122890];Fbx31;79791;79791;79791
[ENSG00000134480];ENSG00000134480;;ENSG00000134480;Outlier;[p34, CCNH, p37, 902, CycH, CAK];[107342];CCNH;902;ENSP00000256897;"902;ENSP00000256897"
[ENSG00000124151];ENSG00000124151;;ENSG00000124151;Outlier;[RP5-1049G16.3, 8202, NCOA3, TNRC14, AIB-1, AIB1, SRC3, pCIP, CTG26, CAGH16, bHLHe42, KAT13B, TRAM-1, TNRC16, RAC3, SRC-3, ACTR];[113841];NCOA3;8202;ENSP00000361066;"8202;ENSP00000361066"
[ENSG00000080839];ENSG00000080839;ENSG00000080839;ENSG00000080839;"Cluster;Outlier";[RBL1, PRB1, RP11-382A12.1, p107, 5933, CP107];[111868];RBL1;5933;ENSP00000362768;ENSP00000362768
[ENSG00000173404];ENSG00000173404;;ENSG00000173404;"Cluster;Outlier";[IA1, 3642, INSM1, IA-1];[109853];INSM1;3642;ENSP00000312631;ENSP00000312631
[ENSG00000112242];ENSG00000112242;;ENSG00000112242;"Cluster;Outlier";[RP1-177P22.2, 1871, E2F3, E2F-3];[108203];E2F3;1871;ENSP00000262904;ENSP00000262904
[ENSG00000173039];ENSG00000173039;;ENSG00000173039;"Cluster;Outlier";[5970, NFKB3, RELA, p65];[111902];RELA;5970;ENSP00000384273;ENSP00000384273
[ENSG00000136238];ENSG00000136238;;ENSG00000136238;Outlier;[p21-Rac1, Rac-1, RAC1, 5879, MIG5, TC-25];[111817];RAC1;5879;ENSP00000348461;"5879;ENSP00000348461"
[ENSG00000005339];ENSG00000005339;;ENSG00000005339;Outlier;[CBP, CREBBP, KAT3A, 1387, RSTS];[107777];CBP;1387;1387;"1387;ENSP00000262367"
[ENSG00000100902];ENSG00000100902;ENSG00000100902;ENSG00000100902;Outlier;[PSMA6, IOTA, p27K, PROS27, 5687];[111660];PSMA6;5687;5687;"5687;ENSP00000261479"
[ENSG00000103479];ENSG00000103479;ENSG00000103479;ENSG00000103479;Outlier;[RBL2, Rb2, P130, 5934];[111869];RBL2;5934;5934;"5934;ENSP00000262133"
[ENSG00000169083];ENSG00000169083;;ENSG00000169083;Outlier;[DHTR, HYSP1, SBMA, AIS, AR, NR3C4, 367, SMAX1, RP11-383C12.1, KD, TFM, HUMARA];[106862];DHTR;367;367;"367;ENSP00000363822"
[ENSG00000148737];ENSG00000148737;;ENSG00000148737;"Cluster;Outlier";[RP11-357H24.1, TCF7L2, TCF-4, TCF4, 6934];[112795];RP11-357H24.1;6934;6934;6934
[ENSG00000066044];ENSG00000066044;;ENSG00000066044;Outlier;[1994, HUR, Hua, MelG, ELAV1, ELAVL1];[108309];HUR;1994;1994;"1994;ENSP00000385269"
[ENSG00000039068];ENSG00000039068;;ENSG00000039068;Outlier;[LCAM, CDHE, ECAD, CDH1, 999, CD324, Arc-1, UVO];[107434];LCAM;999;999;"999;ENSP00000261769"
[ENSG00000166508];ENSG00000166508;;ENSG00000166508;Outlier;[P1.1-MCM3, 4176, MCM7, P1CDC47, CDC47, PNAS146, P85MCM, PPP1R104, MCM2];[110344];MCM7;4176;ENSP00000307288;"4176;ENSP00000307288"
[ENSG00000004897];ENSG00000004897;;ENSG00000004897;"Outlier;Overlap";[CDC27Hs, APC3, NUC2, HNUC, 996, D0S1430E, CDC27, ANAPC3, H-NUC, D17S978E];[107431];CDC27;996;ENSP00000434614;ENSP00000434614
[ENSG00000115966];ENSG00000115966;;ENSG00000115966;Outlier;[CREB2, ATF2, 1386, CREB-2, TREB7, CRE-BP1, HB16];[107776];ATF2;1386;ENSP00000264110;"1386;ENSP00000264110"
[ENSG00000105810];ENSG00000105810;ENSG00000105810;ENSG00000105810;"Cluster;Outlier";[CDK6, PLSTIRE, MCPH12, 1021];[107456];CDK6;1021;ENSP00000265734;ENSP00000265734
[ENSG00000168610];ENSG00000168610;;ENSG00000168610;Outlier;[ADMIO, 6774, STAT3, APRF, HIES];[112651];STAT3;6774;ENSP00000264657;"6774;ENSP00000264657"
[ENSG00000150991];ENSG00000150991;ENSG00000150991;ENSG00000150991;Outlier;[UBC, 7316, HMG20];[113164];UBC;7316;ENSP00000344818;"7316;ENSP00000344818"
[ENSG00000166946];ENSG00000166946;;ENSG00000166946;Outlier;[GCIP, 23582, DIP1, CCNDBP1, HHM];[117117];CCNDBP1;23582;ENSP00000300213;"23582;ENSP00000300213"
[ENSG00000114166];ENSG00000114166;ENSG00000114166;ENSG00000114166;Outlier;[8850, KAT2B, P/CAF, CAF, PCAF];[114375];KAT2B;8850;8850;"8850;ENSP00000263754"
[ENSG00000164885];ENSG00000164885;ENSG00000164885;ENSG00000164885;"Outlier;Overlap";[CDK5, 1020, PSSALRE];[107455];CDK5;1020;1020;1020
[ENSG00000174775];ENSG00000174775;;ENSG00000174775;"Outlier;Overlap";[C-H-RAS, HAMSV, p21ras, 3265, C-BAS/HAS, HRAS1, CTLO, H-RASIDX, HRAS, C-HA-RAS1, RASH1];[109501];HRAS;3265;ENSP00000309845;ENSP00000309845
[ENSG00000171720];ENSG00000171720;ENSG00000171720;ENSG00000171720;"Cluster;Outlier";[HDAC3, HD3, RPD3-2, 8841, RPD3];[114368];HDAC3;8841;8841;8841
[ENSG00000133703];ENSG00000133703;;ENSG00000133703;"Cluster;Outlier";[KI-RAS, NS, RASK2, CFC2, K-RAS2B, K-RAS2A, K-RAS4B, NS3, K-RAS4A, KRAS, C-K-RAS, 3845, KRAS2, KRAS1];[110043];KI-RAS;3845;3845;3845
[ENSG00000170312];ENSG00000170312;;ENSG00000170312;"Outlier;Overlap";[983, P34CDC2, CDK1, CDC28A, CDC2];[107420];P34CDC2;983;983;983
[ENSG00000124762];ENSG00000124762;ENSG00000124762;ENSG00000124762;"Outlier;Overlap";[CDKN1A, 1026, CIP1, p21CIP1, CDKN1, WAF1, CAP20, P21, MDA-6, SDI1];[107460];CDKN1A;1026;1026;1026
[ENSG00000139687];ENSG00000139687;ENSG00000139687;ENSG00000139687;"Cluster;Outlier";[RB1, OSRC, RB, PPP1R130, pRb, p105-Rb, RP11-174I10.1, pp110, 5925];[111860];RB1;5925;5925;5925
[ENSG00000082701];ENSG00000082701;ENSG00000082701;ENSG00000082701;"Outlier;Overlap";[2932, GSK3B];[109187];GSK3B;2932;ENSP00000324806;ENSP00000324806
[ENSG00000151876];ENSG00000151876;ENSG00000151876;ENSG00000151876;"Cluster;Outlier";[26272, FBXO4, FBX4];[117656];FBXO4;26272;ENSP00000281623;ENSP00000281623
[ENSG00000198176];ENSG00000198176;;ENSG00000198176;Outlier;[Dp-1, TFDP1, DP1, DRTF1, 7027, RP11-230F18.1];[112885];TFDP1;7027;ENSP00000364519;"7027;ENSP00000364519"
[ENSG00000132646];ENSG00000132646;ENSG00000132646;ENSG00000132646;Outlier;[PCNA, 5111, ATLD2];[111142];PCNA;5111;ENSP00000368438;"5111;ENSP00000368438"
[ENSG00000177885];ENSG00000177885;;ENSG00000177885;Outlier;[NCKAP2, MST084, 2885, ASH, Grb3-3, GRB2, MSTP084, EGFRBP-GRB2];[109142];NCKAP2;2885;2885;"2885;ENSP00000339007"
[ENSG00000164924];ENSG00000164924;;ENSG00000164924;Outlier;[14-3-3-zeta, YWHAD, HEL4, 7534, HEL-S-3, YWHAZ, KCIP-1];[113366];YWHAD;7534;7534;"7534;ENSP00000309503"
[ENSG00000128245];ENSG00000128245;;ENSG00000128245;Outlier;[YWHA1, 7533, LL22NC03-44A4.1, YWHAH];[113365];YWHAH;7533;ENSP00000248975;"7533;ENSP00000248975"
[ENSG00000117676];ENSG00000117676;;ENSG00000117676;Outlier;[HU-1, RSK1, MAPKAPK1A, RP11-492M19.2, RPS6KA1, p90Rsk, RSK, 6195];[112109];HU-1;6195;6195;"6195;ENSP00000435412"
[ENSG00000142208];ENSG00000142208;;ENSG00000142208;Outlier;[PRKBA, RAC, PKB, CWS6, 207, AKT1, AKT, RAC-ALPHA, PKB-ALPHA];[106710];PRKBA;207;207;"207;ENSP00000270202"
[ENSG00000108953];ENSG00000108953;ENSG00000108953;ENSG00000108953;Outlier;[YWHAE, HEL2, MDCR, 7531, 14-3-3E, MDS, KCIP-1];[113363];YWHAE;7531;7531;"7531;ENSP00000264335"
[ENSG00000118515];ENSG00000118515;;ENSG00000118515;Outlier;[SGK, 6446, SGK1, RP1-188K17.1];[112344];SGK;6446;6446;"6446;ENSP00000356832"
[ENSG00000118971];ENSG00000118971;ENSG00000118971;ENSG00000118971;"Outlier;Overlap";[894, CCND2, MPPH3, KIAK0002];[107334];CCND2;894;894;894
[ENSG00000067560];ENSG00000067560;;ENSG00000067560;Outlier;[387, ARH12, ARHA, RHOH12, RHOA, RHO12];[106880];ARH12;387;387;"387;ENSP00000400175"
[ENSG00000008018];ENSG00000008018;;ENSG00000008018;"Cluster;Outlier";[PSC5, PSMB1, 5689, HC5, PMSB1];[111662];PSMB1;5689;ENSP00000262193;ENSP00000262193
[ENSG00000114030];ENSG00000114030;;ENSG00000114030;Outlier;[3836, IPOA5, SRP1, NPI-1, RCH2, KPNA1];[110034];IPOA5;3836;3836;"3836;ENSP00000343701"
[ENSG00000164068];ENSG00000164068;;ENSG00000164068;Outlier;[KPC1, RNF123, 63891, FP1477];[121971];RNF123;63891;ENSP00000328287;"63891;ENSP00000328287"
[ENSG00000097007];ENSG00000097007;;ENSG00000097007;Outlier;[v-abl, bcr/abl, 25, JTK7, ABL1, c-ABL1, c-ABL, RP11-83J21.1, ABL, p150];[106543];ABL1;25;ENSP00000361423;"25;ENSP00000361423"
[ENSG00000175305];ENSG00000175305;;ENSG00000175305;Outlier;[9134, CYCE2, CCNE2];[114582];CCNE2;9134;ENSP00000309181;"9134;ENSP00000309181"
[ENSG00000163806];ENSG00000163806;;ENSG00000163806;Outlier;[RINGO3, SPY1, RINGOA, SPDYA, SPDY1, 245711];[128828];SPDYA;245711;ENSP00000335628;"245711;ENSP00000335628"
[ENSG00000125347];ENSG00000125347;ENSG00000125347;ENSG00000125347;Outlier;[IRF1, IRF-1, 3659, MAR];[109867];IRF1;3659;ENSP00000245414;"3659;ENSP00000245414"
[ENSG00000134308];ENSG00000134308;ENSG00000134308;ENSG00000134308;Outlier;[14-3-3, 1C5, YWHAQ, HS1, 10971];[116168];YWHAQ;10971;ENSP00000238081;"10971;ENSP00000238081"
[ENSG00000173207];ENSG00000173207;;ENSG00000173207;"Cluster;Outlier";[RP11-307C12.6, PNAS-18, ckshs1, PNAS-16, CKS1, 1163, CKS1B];[107582];RP11-307C12.6;1163;1163;1163
[ENSG00000064012];ENSG00000064012;;ENSG00000064012;Outlier;[ALPS2B, CASP8, 841, Casp-8, MCH5, MACH, FLICE, CAP4];[107291];ALPS2B;841;841;"841;ENSP00000351273"
[ENSG00000143947];ENSG00000143947;;ENSG00000143947;Outlier;[UBA80, 6233, CEP80, UBC, UBCEP80, RPS27A, UBCEP1, HEL112, S27A];[112147];UBA80;6233;6233;"6233;ENSP00000272317"
[ENSG00000096968];ENSG00000096968;;ENSG00000096968;Outlier;[3717, THCYT3, JTK10, JAK2];[109920];THCYT3;3717;3717;"3717;ENSP00000371067"
[ENSG00000166913];ENSG00000166913;;ENSG00000166913;Outlier;[YWHAA, YWHAB, GW128, HS1, RP1-148E22.1, HEL-S-1, 7529, KCIP-1];[113361];YWHAA;7529;7529;"7529;ENSP00000300161"
[ENSG00000170027];ENSG00000170027;;ENSG00000170027;Outlier;[14-3-3GAMMA, 7532, PPP1R170, YWHAG];[113364];YWHAG;7532;ENSP00000306330;"7532;ENSP00000306330"
[ENSG00000073111];ENSG00000073111;;ENSG00000073111;Outlier;[MITOTIN, D3S3194, CDCL1, cdc19, CCNL1, BM28, 4171, MCM2];[110339];MITOTIN;4171;4171;"4171;ENSP00000265056"
[ENSG00000139842];ENSG00000139842;ENSG00000139842;ENSG00000139842;"Cluster;Outlier";[CUL4A, 8451, RP11-391H12.1];[114029];CUL4A;8451;ENSP00000364589;ENSP00000364589
[ENSG00000163743];ENSG00000163743;;ENSG00000163743;Outlier;[ZNF363, PRO1996, ZCHY, CHIMP, PIRH2, RCHY1, 25898, ARNIP, RNF199];[117406];RCHY1;25898;ENSP00000321239;"25898;ENSP00000321239"
[ENSG00000145604];ENSG00000145604;;ENSG00000145604;"Cluster;Outlier";[p45, FBL1, FLB1, 6502, FBXL1, SKP2];[112393];SKP2;6502;ENSP00000274255;ENSP00000274255
[ENSG00000121022];ENSG00000121022;ENSG00000121022;ENSG00000121022;"Cluster;Outlier";[10987, COPS5, JAB1, CSN5, MOV-34, SGN5];[116183];COPS5;10987;ENSP00000350512;ENSP00000350512
[ENSG00000111640];ENSG00000111640;;ENSG00000111640;Outlier;[G3PD, 2597, CDABP0047, GAPDH, HEL-S-162eP, GAPD];[108868];G3PD;2597;2597;"2597;ENSP00000229239"
[ENSG00000112062];ENSG00000112062;;ENSG00000112062;Outlier;[CSBP, p38ALPHA, CSBP2, PRKM15, SAPK2A, CSBP1, RP1-179N16.5, MAPK14, PRKM14, Mxi2, p38, 1432, CSPB1, RK, EXIP];[107819];MAPK14;1432;ENSP00000229794;"1432;ENSP00000229794"
[ENSG00000112118];ENSG00000112118;;ENSG00000112118;Outlier;[4172, RLFB, RP1-108C2.3, P1-MCM3, MCM3, HCC5, P1.h];[110340];MCM3;4172;ENSP00000229854;"4172;ENSP00000229854"
[ENSG00000178568];ENSG00000178568;ENSG00000178568;ENSG00000178568;"Cluster;Outlier";[ERBB4, ALS19, 2066, p180erbB4, HER4];[108378];ERBB4;2066;2066;2066
[ENSG00000113140];ENSG00000113140;ENSG00000113140;ENSG00000113140;Outlier;[SPARC, 6678, ON];[112560];SPARC;6678;6678;"6678;ENSP00000231061"
[ENSG00000112715];ENSG00000112715;;ENSG00000112715;Outlier;[MVCD1, 7422, RP1-261G23.1, VEGF, VPF, VEGFA];[113265];MVCD1;7422;7422;"7422;ENSP00000361125"
[ENSG00000071051];ENSG00000071051;ENSG00000071051;ENSG00000071051;Outlier;[8440, NCK2, GRB4, NCKbeta];[114020];NCK2;8440;8440;"8440;ENSP00000233154"
[ENSG00000115942];ENSG00000115942;;ENSG00000115942;Outlier;[ORC2L, ORC2, 4999];[111041];ORC2;4999;ENSP00000234296;"4999;ENSP00000234296"
[ENSG00000097046];ENSG00000097046;;ENSG00000097046;Outlier;[HsCDC7, Hsk1, CDC7L1, CDC7, huCDC7, 8317];[113914];HsCDC7;8317;8317;"8317;ENSP00000234626"
[ENSG00000118816];ENSG00000118816;;ENSG00000118816;Outlier;[CYI, CCNI, CCNI1, CYC1, 10983];[116179];CYI;10983;10983;"10983;ENSP00000237654"
[ENSG00000170365];ENSG00000170365;ENSG00000170365;ENSG00000170365;"Cluster;Outlier";[SMAD1, 4086, MADH1, MADR1, JV4-1, BSP-1, JV41, BSP1];[110261];SMAD1;4086;ENSP00000305769;ENSP00000305769
[ENSG00000113658];ENSG00000113658;;ENSG00000113658;"Cluster;Outlier";[DWFC, MADH5, JV5-1, 4090, SMAD5];[110265];SMAD5;4090;ENSP00000441954;ENSP00000441954
[ENSG00000175387];ENSG00000175387;ENSG00000175387;ENSG00000175387;Outlier;[SMAD2, hSMAD2, JV18, MADH2, 4087, MADR2, JV18-1, hMAD-2];[110262];SMAD2;4087;4087;"4087;ENSP00000262160"
[ENSG00000163513];ENSG00000163513;;ENSG00000163513;Outlier;[AAT3, LDS1B, 7048, LDS2B, TGFR-2, FAA3, TGFbeta-RII, TGFBR2, LDS2, RIIC, MFS2, TAAD2];[112906];TGFBR2;7048;ENSP00000351905;"7048;ENSP00000351905"
[ENSG00000166949];ENSG00000166949;;ENSG00000166949;Outlier;[MADH3, LDS1C, SMAD3, 4088, HSPC193, LDS3, HsT17436, JV15-2];[110263];MADH3;4088;4088;"4088;ENSP00000332973"
[ENSG00000122705];ENSG00000122705;ENSG00000122705;ENSG00000122705;Outlier;[1211, CLTA, LCA];[107621];CLTA;1211;1211;"1211;ENSP00000242285"
[ENSG00000122756];ENSG00000122756;ENSG00000122756;ENSG00000122756;"Cluster;Outlier";[CNTFR, 1271, RP11-296L22.1];[107671];CNTFR;1271;1271;1271
[ENSG00000175505];ENSG00000175505;;ENSG00000175505;"Cluster;Outlier";[BSF3, 23529, BSF-3, NR6, CLCF1, NNT-1, NNT1, CLC, CISS2];[117075];BSF3;23529;23529;23529
[ENSG00000123384];ENSG00000123384;;ENSG00000123384;"Cluster;Outlier";[TGFBR5, APR, LRP1, APOER, 4035, CD91, A2MR, LRP, IGFBP3R, LRP1A];[110215];TGFBR5;4035;4035;4035
[ENSG00000100311];ENSG00000100311;;ENSG00000100311;"Cluster;Overlap";[IBGC5, 5155, SSV, PDGFB, PDGF2, c-sis, PDGF-2, SIS, LL22NC03-10C3.2];[111181];IBGC5;5155;5155;5155
[ENSG00000124181];ENSG00000124181;;ENSG00000124181;Outlier;[NCKAP3, RP3-511B24.2, PLC-II, 5335, PLCG1, PLCgamma1, PLC1, PLC148];[111351];NCKAP3;5335;5335;"5335;ENSP00000244007"
[ENSG00000197461];ENSG00000197461;;ENSG00000197461;"Cluster;Overlap";[5154, PDGF-A, PDGFA, PDGF1];[111180];PDGFA;5154;ENSP00000346508;ENSP00000346508
[ENSG00000124610];ENSG00000124610;;ENSG00000124610;"Cluster;Outlier";[H1F1, HIST1, 3024, H1A, HIST1H1A, H1.1];[109275];HIST1H1A;3024;ENSP00000244573;ENSP00000244573
[ENSG00000124882];ENSG00000124882;;ENSG00000124882;Outlier;[2069, ER, EREG];[108381];EREG;2069;ENSP00000244869;"2069;ENSP00000244869"
[ENSG00000101224];ENSG00000101224;;ENSG00000101224;Outlier;[994, RP5-1009E24.3, CDC25B];[107429];RP5-1009E24.3;994;994;"994;ENSP00000245960"
[ENSG00000127191];ENSG00000127191;;ENSG00000127191;Outlier;[7186, TRAP3, MGC:45012, TRAF2, TRAP];[113038];TRAP3;7186;7186;"7186;ENSP00000247668"
[ENSG00000157873];ENSG00000157873;;ENSG00000157873;Outlier;[RP3-395M20.6, HVEM, CD270, TR2, 8764, HVEA, TNFRSF14, ATAR, LIGHTR];[114298];TNFRSF14;8764;ENSP00000347948;"8764;ENSP00000347948"
[ENSG00000127445];ENSG00000127445;ENSG00000198258;ENSG00000127445;"Cluster;Outlier";[UBL5, 5300, DOD, PIN1];[111317];PIN1;5300;ENSP00000247970;ENSP00000247970
[ENSG00000106211];ENSG00000106211;;ENSG00000106211;Outlier;[HEL-S-102, 3315, HMN2B, Hsp25, HS.76067, HSP28, HSP27, HSPB1, CMT2F, SRP27];[109547];HSPB1;3315;ENSP00000248553;"3315;ENSP00000248553"
[ENSG00000127947];ENSG00000127947;;ENSG00000127947;Outlier;[tcag7.1075, 5782, PTPG1, PTPN12, PTP-PEST];[111746];tcag7.1075;5782;5782;"5782;ENSP00000248594"
[ENSG00000128342];ENSG00000128342;;ENSG00000128342;Outlier;[HILDA, CDF, LIF, 3976, DIA, MLPLI];[110164];HILDA;3976;3976;"3976;ENSP00000249075"
[ENSG00000134352];ENSG00000134352;;ENSG00000134352;Outlier;[CD130, CDW130, GP130, 3572, IL-6RB, IL6ST];[109786];CD130;3572;3572;"3572;ENSP00000338799"
[ENSG00000129152];ENSG00000129152;;ENSG00000129152;Outlier;[MYOD, bHLHc1, MYOD1, 4654, PUM, MYF3];[110737];MYOD;4654;4654;"4654;ENSP00000250003"
[ENSG00000130222];ENSG00000130222;;ENSG00000130222;"Cluster;Outlier";[10912, GADD45gamma, GRP17, CR6, DDIT2, RP11-260L6.1, GADD45G];[116117];GADD45gamma;10912;10912;10912
[ENSG00000130522];ENSG00000130522;ENSG00000130522;ENSG00000130522;"Cluster;Outlier";[3727, JUND, AP-1];[109930];JUND;3727;3727;3727
[ENSG00000131981];ENSG00000131981;;ENSG00000131981;Outlier;[GAL3, MAC2, 3958, LGALS3, LGALS2, GALBP, GALIG, L31, CBP35];[110149];LGALS3;3958;ENSP00000254301;"3958;ENSP00000254301"
[ENSG00000132383];ENSG00000132383;;ENSG00000132383;Outlier;[RP-A, RPA70, 6117, RPA1, REPA1, HSSB, MST075, RF-A];[112037];RPA1;6117;ENSP00000254719;"6117;ENSP00000254719"
[ENSG00000133639];ENSG00000133639;ENSG00000133639;ENSG00000133639;"Cluster;Outlier";[694, BTG1];[107159];BTG1;694;ENSP00000256015;ENSP00000256015
[ENSG00000126457];ENSG00000126457;;ENSG00000126457;"Cluster;Outlier";[IR1B4, HRMT1L2, PRMT1, 3276, HCP1, ANM1];[109512];PRMT1;3276;ENSP00000406162;ENSP00000406162
[ENSG00000198791];ENSG00000198791;;ENSG00000198791;"Cluster;Outlier";[hCAF-1, CNOT7, Caf1a, CAF1, 29883];[118938];hCAF-1;29883;29883;29883
[ENSG00000155508];ENSG00000155508;;ENSG00000155508;"Cluster;Outlier";[9337, Caf1b, POP2, CALIF, CAF1, hCAF1, CNOT8];[114744];Caf1b;9337;9337;9337
[ENSG00000167670];ENSG00000167670;;ENSG00000167670;Outlier;[CAF-1, CHAF1A, CAF1, CAF1B, P150, CAF1P150, 10036];[115349];CHAF1A;10036;ENSP00000301280;"10036;ENSP00000301280"
[ENSG00000147082];ENSG00000147082;ENSG00000147082;ENSG00000147082;Outlier;[CCNB3, RP11-805H4.3, 85417];[124523];CCNB3;85417;85417;"85417;ENSP00000276014"
[ENSG00000166483];ENSG00000166483;ENSG00000166483;ENSG00000166483;Outlier;[WEE1, 7465, WEE1hu, WEE1A];[113303];WEE1;7465;7465;"7465;ENSP00000402084"
[ENSG00000150907];ENSG00000150907;;ENSG00000150907;"Cluster;Outlier";[FOXO1A, 2308, FOXO1, FKH1, FKHR];[108597];FOXO1;2308;ENSP00000368880;ENSP00000368880
[ENSG00000115947];ENSG00000115947;ENSG00000115947;ENSG00000115947;Outlier;[ORC4, 5000, ORC4P, ORC4L];[111042];ORC4;5000;5000;"5000;ENSP00000264169"
[ENSG00000185591];ENSG00000185591;ENSG00000185591;ENSG00000185591;"Outlier;Overlap";[SP1, 6667];[112550];SP1;6667;6667;6667
[ENSG00000183765];ENSG00000183765;ENSG00000163624;ENSG00000183765;Outlier;[CDS1, HuCds1, RAD53, CHK2, PP1425, CHEK2, LFS2, 11200, RP11-436C9.1, hCds1];[116369];CHEK2;11200;ENSP00000372023;"11200;ENSP00000372023"
[ENSG00000094880];ENSG00000094880;ENSG00000094880;ENSG00000094880;Outlier;[CDC23, ANAPC8, 8697, APC8, CUT23];[114242];CDC23;8697;8697;"8697;ENSP00000378350"
[ENSG00000185920];ENSG00000185920;;ENSG00000185920;Outlier;[RP11-435O5.3, NBCCS, PTCH1, PTC1, BCNS, HPE7, PTCH11, PTCH, PTC, 5727];[111699];RP11-435O5.3;5727;5727;"5727;ENSP00000332353"
[ENSG00000085840];ENSG00000085840;ENSG00000085840;ENSG00000085840;"Cluster;Outlier";[ORC1, ORC1L, PARC1, 4998, HSORC1];[111040];ORC1;4998;ENSP00000360621;ENSP00000360621
[ENSG00000111206];ENSG00000111206;ENSG00000108852;ENSG00000111206;"Outlier;Overlap";[MPP2, FOXM1, TRIDENT, MPP-2, 2305, TGT3, FOXM1B, FKHL16, HFH-11, INS-1, MPHOSPH2, PIG29, HFH11, HNF-3];[108594];FOXM1;2305;ENSP00000342307;ENSP00000342307
[ENSG00000181929];ENSG00000181929;ENSG00000181929;ENSG00000181929;Outlier;[5571, PRKAG1, AMPKG];[111558];PRKAG1;5571;ENSP00000323867;"5571;ENSP00000323867"
[ENSG00000154229];ENSG00000154229;;ENSG00000154229;Outlier;[AAG6, 5578, PKC-alpha, PRKCA, PKCA, PRKACA];[111564];AAG6;5578;5578;"5578;ENSP00000408695"
[ENSG00000127564];ENSG00000127564;;ENSG00000127564;"Cluster;Outlier";[PPP1R126, PKMYT1, 9088, MYT1];[114544];PPP1R126;9088;9088;9088
[ENSG00000053900];ENSG00000053900;ENSG00000053900;ENSG00000053900;"Outlier;Overlap";[29945, ANAPC4, APC4];[118982];ANAPC4;29945;ENSP00000318775;ENSP00000318775
[ENSG00000118513];ENSG00000118513;;ENSG00000118513;Outlier;[c-myb_CDS, Cmyb, c-myb, MYB, efg, RP1-32B1.1, 4602];[110687];c-myb;4602;4602;"4602;ENSP00000339992"
[ENSG00000175793];ENSG00000175793;;ENSG00000175793;Outlier;[2810, YWHAS, SFN];[109072];YWHAS;2810;2810;"2810;ENSP00000340989"
[ENSG00000080986];ENSG00000080986;;ENSG00000080986;"Cluster;Outlier";[10403, TID3, HsHec1, KNTC2, HEC, HEC1, hsNDC80, NDC80];[115675];NDC80;10403;ENSP00000261597;ENSP00000261597
[ENSG00000136997];ENSG00000136997;;ENSG00000136997;"Cluster;Outlier";[4609, c-Myc, MYC, MYCC, MRTL, bHLHe39];[110694];MYC;4609;ENSP00000367207;ENSP00000367207
[ENSG00000123975];ENSG00000123975;;ENSG00000123975;"Cluster;Outlier";[CKSHS2, CKS2, 1164, RP11-8C21.2];[107583];CKS2;1164;ENSP00000364976;ENSP00000364976
[ENSG00000169679];ENSG00000169679;;ENSG00000169679;Outlier;[hBUB1, BUB1L, 699, BUB1A, BUB1];[107164];BUB1;699;ENSP00000302530;"699;ENSP00000302530"
[ENSG00000105325];ENSG00000105325;;ENSG00000105325;"Outlier;Overlap";[CDC20C, FZR1, HCDH1, CDH1, FZR2, 51343, HCDH, FZR];[119489];FZR1;51343;ENSP00000378529;ENSP00000378529
[ENSG00000072401];ENSG00000072401;;ENSG00000072401;Outlier;[SFT, 7321, UBCH5A, UBE2D1, UBC4/5, E2, UBCH5];[113169];UBE2D1;7321;ENSP00000363019;"7321;ENSP00000363019"
[ENSG00000164045];ENSG00000164045;;ENSG00000164045;Outlier;[993, CDC25A2, CDC25A];[107428];CDC25A;993;ENSP00000303706;"993;ENSP00000303706"
[ENSG00000118689];ENSG00000118689;;ENSG00000118689;Outlier;[AF6q21, FKHRL1, FOXO3A, FOXO3, 2309, FOXO2, FKHRL1P2];[108598];AF6q21;2309;2309;"2309;ENSP00000339527"
[ENSG00000166851];ENSG00000166851;ENSG00000166851;ENSG00000166851;Outlier;[PLK1, 5347, STPK13, PLK];[111362];PLK1;5347;5347;"5347;ENSP00000300093"
[ENSG00000117399];ENSG00000117399;ENSG00000117399;ENSG00000117399;"Outlier;Overlap";[CDC20, p55CDC, 991, bA276H19.3, CDC20A];[107427];CDC20;991;991;991
[ENSG00000149554];ENSG00000149554;;ENSG00000149554;Outlier;[CHK1, 1111, CHEK1];[107536];CHEK1;1111;ENSP00000388648;"1111;ENSP00000388648"
[ENSG00000116717];ENSG00000116717;;ENSG00000116717;"Cluster;Outlier";[RP5-975D15.1, GADD45, GADD45A, DDIT1, 1647];[108014];GADD45A;1647;ENSP00000360025;ENSP00000360025
[ENSG00000166501];ENSG00000166501;;ENSG00000166501;Outlier;[PRKCB2, PRKCB1, PRKCB, 5579, PKC-beta, PKCB];[111565];PRKCB;5579;ENSP00000305355;"5579;ENSP00000305355"
[ENSG00000079335];ENSG00000079335;;ENSG00000079335;"Cluster;Outlier";[8556, hCDC14, cdc14, CDC14A];[114126];hCDC14;8556;8556;8556
[ENSG00000158402];ENSG00000158402;;ENSG00000158402;Outlier;[995, CDC25, CDC25C, PPP1R60];[107430];CDC25C;995;ENSP00000321656;"995;ENSP00000321656"
[ENSG00000078140];ENSG00000078140;;ENSG00000078140;"Cluster;Outlier";[3093, HIP2, HYPG, LIG, E2-25K, UBC1, UBE2K];[109340];HIP2;3093;3093;3093
[ENSG00000164162];ENSG00000164162;;ENSG00000164162;"Cluster;Outlier";[10393, DOC1, APC10, ANAPC10];[115665];ANAPC10;10393;ENSP00000310071;ENSP00000310071
[ENSG00000134058];ENSG00000134058;;ENSG00000134058;Outlier;[STK1, CDK7, MO15, CDKN7, HCAK, p39MO15, 1022, CAK1];[107457];STK1;1022;1022;"1022;ENSP00000256443"
[ENSG00000130177];ENSG00000130177;ENSG00000130177;ENSG00000130177;"Cluster;Outlier";[8881, CDC16, CUT9, RP11-569D9.4, ANAPC6, APC6];[114400];CDC16;8881;ENSP00000348554;ENSP00000348554
[ENSG00000141552];ENSG00000141552;;ENSG00000141552;"Cluster;Outlier";[51529, APC11, HSPC214, ANAPC11, Apc11p];[119591];ANAPC11;51529;ENSP00000349957;ENSP00000349957
[ENSG00000134853];ENSG00000134853;;ENSG00000134853;"Cluster;Overlap";[PDGFR2, RHEPDGFRA, PDGFRA, PDGFR-2, 5156, CD140A];[111182];PDGFR2;5156;5156;5156
[ENSG00000145431];ENSG00000145431;;ENSG00000145431;"Cluster;Outlier";[UNQ174/PRO200, SCDGF, 56034, PDGFC, FALLOTEIN];[121032];PDGFC;56034;ENSP00000422464;ENSP00000422464
[ENSG00000135046];ENSG00000135046;;ENSG00000135046;"Cluster;Outlier";[LPC1, ANXA1, 301, RP11-71A24.1, ANX1];[106798];ANXA1;301;ENSP00000257497;ENSP00000257497
[ENSG00000163191];ENSG00000163191;;ENSG00000163191;"Cluster;Outlier";[HEL-S-43, MLN70, S100C, S100A11, 6282];[112190];S100A11;6282;ENSP00000271638;ENSP00000271638
[ENSG00000136504];ENSG00000136504;;ENSG00000136504;"Cluster;Outlier";[MYST2, 11143, KAT7, HBO1, HBOA, ZC2HC7];[116315];KAT7;11143;ENSP00000259021;ENSP00000259021
[ENSG00000136573];ENSG00000136573;ENSG00000136573;ENSG00000136573;Outlier;[BLK, 640, MODY11];[107109];BLK;640;ENSP00000259089;"640;ENSP00000259089"
[ENSG00000137801];ENSG00000137801;;ENSG00000137801;"Cluster;Outlier";[TSP, 7057, THBS, TSP-1, THBS-1, TSP1, THBS1];[112915];TSP;7057;7057;7057
[ENSG00000138095];ENSG00000138095;;ENSG00000138095;Outlier;[10128, CLONE-23970, LSFC, GP130, LRP130, LRPPRC];[115432];CLONE-23970;10128;10128;"10128;ENSP00000260665"
[ENSG00000138376];ENSG00000138376;ENSG00000138376;ENSG00000138376;"Cluster;Outlier";[BARD1, 580];[107056];BARD1;580;580;580
[ENSG00000020426];ENSG00000020426;;ENSG00000020426;Outlier;[MAT1, RNF66, TFB3, 4331, CAP35, MNAT1];[110474];MAT1;4331;4331;"4331;ENSP00000261245"
[ENSG00000126838];ENSG00000126838;;ENSG00000126838;Outlier;[CPAMD6, PZP, 5858];[111796];CPAMD6;5858;5858;"5858;ENSP00000261336"
[ENSG00000082512];ENSG00000082512;;ENSG00000082512;Outlier;[RP11-318L16.2, 7188, MGC:39780, TRAF5, RNF84];[113040];TRAF5;7188;ENSP00000261464;"7188;ENSP00000261464"
[ENSG00000111328];ENSG00000111328;;ENSG00000111328;Outlier;[p12DOC-1, 8099, DORC1, CDK2AP1, DOC1, doc-1, ST19];[113770];CDK2AP1;8099;ENSP00000261692;"8099;ENSP00000261692"
[ENSG00000108671];ENSG00000108671;;ENSG00000108671;Outlier;[5717, Rpn6, PSMD11, p44.5, S9];[111689];PSMD11;5717;ENSP00000261712;"5717;ENSP00000261712"
[ENSG00000113721];ENSG00000113721;ENSG00000113721;ENSG00000113721;Cluster;[PDGFRB, PDGFR1, PDGFR-1, 5159, JTK12, PDGFR, IBGC4, IMF1, CD140B];[111185];PDGFRB;5159;ENSP00000261799;"5159;ENSP00000261799"
[ENSG00000170962];ENSG00000170962;;ENSG00000170962;Outlier;[80310, SCDGF-B, PDGFD, MSTP036, IEGF, SCDGFB];[123223];PDGFD;80310;ENSP00000376865;"80310;ENSP00000376865"
[ENSG00000104738];ENSG00000104738;;ENSG00000104738;Outlier;[4173, CDC21, CDC54, NKGCD, MCM4, NKCD, P1-CDC21, hCdc21];[110341];MCM4;4173;ENSP00000262105;"4173;ENSP00000262105"
[ENSG00000164292];ENSG00000164292;ENSG00000164292;ENSG00000164292;"Outlier;Overlap";[22836, RHOBTB3];[116510];RHOBTB3;22836;22836;22836
[ENSG00000109670];ENSG00000109670;;ENSG00000109670;"Outlier;Overlap";[FBX30, FBXW6, SEL-10, hCdc4, FBXW7, AGO, SEL10, CDC4, 55294, FBXO30, hAgo, FBW6, FBW7];[120581];FBX30;55294;55294;55294
[ENSG00000101868];ENSG00000101868;ENSG00000101868;ENSG00000101868;Outlier;[POLA1, POLA, NSX, 5422, p180];[111418];POLA1;5422;ENSP00000368349;"5422;ENSP00000368349"
[ENSG00000149308];ENSG00000149308;ENSG00000149308;ENSG00000149308;"Outlier;Overlap";[NPAT, p220, E14/NPAT, 4863, E14];[110924];NPAT;4863;ENSP00000278612;ENSP00000278612
[ENSG00000162924];ENSG00000162924;ENSG00000162924;ENSG00000162924;Outlier;[REL, C-Rel, 5966];[111898];REL;5966;5966;"5966;ENSP00000295025"
[ENSG00000167513];ENSG00000167513;;ENSG00000167513;"Cluster;Outlier";[RIS2, CDT1, 81620, DUP];[123555];RIS2;81620;81620;81620
[ENSG00000184357];ENSG00000184357;;ENSG00000184357;Outlier;[3009, H1.5, H1B, H1, H1F5, HIST1H1B, H1s-3];[109264];H1.5;3009;3009;"3009;ENSP00000330074"
[ENSG00000117461];ENSG00000117461;;ENSG00000117461;Outlier;[p55-GAMMA, p55, PIK3R3, 8503, RP4-533D7.2];[114075];p55-GAMMA;8503;8503;"8503;ENSP00000262741"
[ENSG00000109458];ENSG00000109458;ENSG00000109458;ENSG00000109458;Outlier;[GAB1, 2549];[108824];GAB1;2549;ENSP00000262995;"2549;ENSP00000262995"
[ENSG00000129219];ENSG00000129219;ENSG00000129219;ENSG00000129219;Outlier;[5338, PLD2];[111354];PLD2;5338;ENSP00000263088;"5338;ENSP00000263088"
[ENSG00000042753];ENSG00000042753;;ENSG00000042753;Outlier;[FBHOk, HHC3, CLAPS2, FBH3, AP2S1, 1175, AP17];[107589];FBHOk;1175;1175;"1175;ENSP00000263270"
[ENSG00000242689];ENSG00000242689;ENSG00000242689;ENSG00000242689;Outlier;[CNTF, HCNTF, 1270];[107670];CNTF;1270;ENSP00000355370;"1270;ENSP00000355370"
[ENSG00000115145];ENSG00000115145;;ENSG00000115145;Outlier;[Hbp, 10254, STAM2A, STAM2, STAM2B];[115548];Hbp;10254;10254;"10254;ENSP00000263904"
[ENSG00000128052];ENSG00000128052;;ENSG00000128052;Outlier;[VEGFR2, 3791, CD309, KDR, VEGFR, FLK1];[109992];VEGFR2;3791;3791;"3791;ENSP00000263923"
[ENSG00000110395];ENSG00000110395;;ENSG00000110395;Outlier;[NSLL, RNF55, C-CBL, FRA11B, 867, CBL2, CBL];[107315];NSLL;867;867;"867;ENSP00000264033"
[ENSG00000063660];ENSG00000063660;ENSG00000063660;ENSG00000063660;Outlier;[GPC1, 2817, glypican];[109079];GPC1;2817;ENSP00000264039;"2817;ENSP00000264039"
[ENSG00000114423];ENSG00000114423;;ENSG00000114423;Outlier;[Nbla00127, RNF56, 868, CBLB, Cbl-b];[107316];Nbla00127;868;868;"868;ENSP00000264122"
[ENSG00000076003];ENSG00000076003;;ENSG00000076003;"Cluster;Outlier";[4175, MCG40308, Mis5, MCM6, P105MCM];[110343];MCM6;4175;ENSP00000264156;ENSP00000264156
[ENSG00000121594];ENSG00000121594;;ENSG00000121594;Outlier;[BB1, B7, 941, CD80, B7.1, B7-1, CD28LG, CD28LG1, LAB7];[107379];CD80;941;ENSP00000264246;"941;ENSP00000264246"
[ENSG00000114013];ENSG00000114013;ENSG00000114013;ENSG00000114013;Outlier;[CD86, B7-2, LAB72, CD28LG2, 942, B7.2, B70];[107380];CD86;942;ENSP00000332049;"942;ENSP00000332049"
[ENSG00000117222];ENSG00000117222;;ENSG00000117222;"Cluster;Outlier";[5929, RBQ3, RBBP5, SWD1];[111864];RBBP5;5929;ENSP00000264515;ENSP00000264515
[ENSG00000129946];ENSG00000129946;;ENSG00000129946;Outlier;[25759, SLI, SHC2, SHCB, SCK];[117302];SHC2;25759;ENSP00000264554;"25759;ENSP00000264554"
[ENSG00000108344];ENSG00000108344;;ENSG00000108344;Outlier;[S3, TSTA2, P58, 5709, RPN3, PSMD3];[111682];S3;5709;5709;"5709;ENSP00000264639"
[ENSG00000041982];ENSG00000041982;;ENSG00000041982;Outlier;[HXB, TN-C, TNC, GP, TN, 3371, DFNA56, 150-225, GMEM, JI];[109602];HXB;3371;3371;"3371;ENSP00000265131"
[ENSG00000138798];ENSG00000138798;ENSG00000138798;ENSG00000138798;Outlier;[1950, EGF, HOMG4, URG];[108270];EGF;1950;ENSP00000265171;"1950;ENSP00000265171"
[ENSG00000099250];ENSG00000099250;ENSG00000099250;ENSG00000099250;"Cluster;Outlier";[NRP1, BDCA4, CD304, RP11-342D11.1, VEGF165R, 8829, NRP, NP1];[114356];NRP1;8829;8829;8829
[ENSG00000173511];ENSG00000173511;;ENSG00000173511;"Cluster;Overlap";[VEGFL, 7423, VEGFB, VRF];[113266];VEGFL;7423;7423;7423
[ENSG00000119630];ENSG00000119630;;ENSG00000119630;"Cluster;Outlier";[SHGC-10760, PlGF-2, PGFL, D12S1900, 5228, PGF, PLGF];[111249];SHGC-10760;5228;5228;5228
[ENSG00000083168];ENSG00000083168;;ENSG00000083168;"Cluster;Outlier";[MYST3, ZNF220, 7994, KAT6A, RUNXBP2, ZC2HC6A, MOZ];[113703];MYST3;7994;7994;7994
[ENSG00000006634];ENSG00000006634;ENSG00000006634;ENSG00000006634;"Cluster;Outlier";[DBF4, 10926, ZDBF1, DBF4A, ASK, CHIF];[116129];DBF4;10926;10926;10926
[ENSG00000080503];ENSG00000080503;;ENSG00000080503;"Cluster;Outlier";[SNF2L2, SNF2, SNF2LA, Sth1p, 6595, NCBRS, BAF190, hBRM, SWI2, BRM, hSNF2a, SMARCA2];[112479];SNF2L2;6595;6595;6595
[ENSG00000153879];ENSG00000153879;ENSG00000153879;ENSG00000153879;Outlier;[CEBPG, 1054, IG/EBP-1, GPE1BP];[107483];CEBPG;1054;ENSP00000284000;"1054;ENSP00000284000"
[ENSG00000139618];ENSG00000139618;;ENSG00000139618;"Cluster;Outlier";[FAD, FAD1, BRCC2, GLM3, BRCA2, FANCD, 675, FANCD1, BROVCA2, XRCC11, RP11-298P3.4, FACD, PNCA2];[107142];FAD;675;675;675
[ENSG00000138764];ENSG00000138764;ENSG00000138764;ENSG00000138764;Outlier;[CCNG2, 901];[107341];CCNG2;901;ENSP00000315743;"901;ENSP00000315743"
[ENSG00000093009];ENSG00000093009;;ENSG00000093009;Outlier;[UNQ374/PRO710, CDC45, 8318, PORC-PI-1, CDC45L2, CDC45L];[113915];UNQ374/PRO710;8318;8318;"8318;ENSP00000405726"
[ENSG00000087191];ENSG00000087191;;ENSG00000087191;Outlier;[SUG-1, p45, p45/SUG, PSMC5, S8, TRIP1, SUG1, 5705, TBP10];[111678];SUG-1;5705;5705;"5705;ENSP00000310572"
[ENSG00000245848];ENSG00000245848;ENSG00000245848;ENSG00000245848;Outlier;[CEBPA, C/EBP-alpha, 1050, CEBP];[107479];CEBPA;1050;1050;"1050;ENSP00000427514"
[ENSG00000175166];ENSG00000175166;;ENSG00000175166;Outlier;[TRAP2, 5708, PSMD2, RPN1, P97, S2];[111681];TRAP2;5708;5708;"5708;ENSP00000310129"
[ENSG00000176749];ENSG00000176749;;ENSG00000176749;Outlier;[p23, CDK5P35, p25, p35, 8851, CDK5R, NCK5A, p35nck5a, CDK5R1];[114376];p23;8851;8851;"8851;ENSP00000318486"
[ENSG00000147854];ENSG00000147854;;ENSG00000147854;"Outlier;Overlap";[RP11-472F14.2, UHRF2, RNF107, 115426, NIRF, URF2];[125434];UHRF2;115426;ENSP00000276893;ENSP00000276893
[ENSG00000107949];ENSG00000107949;;ENSG00000107949;Outlier;[TOK-1, TOK1, BCCIP, 56647];[121161];BCCIP;56647;ENSP00000357748;"56647;ENSP00000357748"
[ENSG00000110801];ENSG00000110801;ENSG00000110801;ENSG00000110801;Outlier;[PSMD9, Rpn4, p27, 5715];[111687];PSMD9;5715;ENSP00000440485;"5715;ENSP00000440485"
[ENSG00000173692];ENSG00000173692;;ENSG00000173692;Outlier;[5707, Rpn2, P112, PSMD1, S1];[111680];PSMD1;5707;ENSP00000309474;"5707;ENSP00000309474"
[ENSG00000142507];ENSG00000142507;ENSG00000142507;ENSG00000142507;Outlier;[PSMB6, 5694, DELTA, LMPY, Y];[111667];PSMB6;5694;ENSP00000270586;"5694;ENSP00000270586"
[ENSG00000141510];ENSG00000141510;;ENSG00000141510;"Cluster;Outlier";[7157, TRP53, BCC7, LFS1, TP53, P53];[113010];TP53;7157;ENSP00000269305;ENSP00000269305
[ENSG00000089685];ENSG00000089685;;ENSG00000089685;Outlier;[332, API4, BIRC5, EPR-1];[106829];API4;332;332;"332;ENSP00000301633"
[ENSG00000165556];ENSG00000165556;;ENSG00000165556;Outlier;[CDX3, CDX2, 1045, CDX2/AS, CDX-3];[107475];CDX3;1045;1045;"1045;ENSP00000370408"
[ENSG00000181163];ENSG00000181163;ENSG00000181163;ENSG00000181163;Outlier;[NPM1, B23, NPM, 4869];[110929];NPM1;4869;4869;"4869;ENSP00000296930"
[ENSG00000143106];ENSG00000143106;ENSG00000143106;ENSG00000143106;Outlier;[PSMA5, PSC5, ZETA, 5686];[111659];PSMA5;5686;5686;"5686;ENSP00000271308"
[ENSG00000188486];ENSG00000188486;;ENSG00000188486;Outlier;[H2AX, 3014, H2AFX, H2A/X, H2A.X];[109268];H2AFX;3014;ENSP00000364310;"3014;ENSP00000364310"
[ENSG00000113328];ENSG00000113328;;ENSG00000113328;"Cluster;Outlier";[CCNG, CCNG1, 900];[107340];CCNG1;900;ENSP00000344635;ENSP00000344635
[ENSG00000106462];ENSG00000106462;;ENSG00000106462;Outlier;[ENX-1, ENX1, EZH2b, WVS, 2146, WVS2, KMT6, KMT6A, EZH1, EZH2];[108446];EZH2;2146;ENSP00000320147;"2146;ENSP00000320147"
[ENSG00000168148];ENSG00000168148;;ENSG00000168148;"Cluster;Outlier";[H3.4, H3/g, HIST3H3, H3FT, H3t, 8290];[113895];HIST3H3;8290;ENSP00000355657;ENSP00000355657
[ENSG00000175054];ENSG00000175054;;ENSG00000175054;Outlier;[SCKL1, MEC1, 545, SCKL, FRP1, FCTCS, ATR];[107027];ATR;545;ENSP00000343741;"545;ENSP00000343741"
[ENSG00000032219];ENSG00000032219;;ENSG00000032219;Outlier;[5926, RBBP1, RBP-1, RBP1, ARID4A, RBBP-1];[111861];ARID4A;5926;ENSP00000347602;"5926;ENSP00000347602"
[ENSG00000001167];ENSG00000001167;;ENSG00000001167;Outlier;[CBF-B, NFYA, CBF-A, NF-YA, HAP2, 4800];[110866];CBF-B;4800;4800;"4800;ENSP00000345702"
[ENSG00000198901];ENSG00000198901;;ENSG00000198901;Outlier;[ASE1, PRC1, 9055];[114517];PRC1;9055;ENSP00000377793;"9055;ENSP00000377793"
[ENSG00000100519];ENSG00000100519;;ENSG00000100519;Outlier;[5706, P44, CADP44, PSMC6, HEL-S-73, SUG2, p42];[111679];PSMC6;5706;ENSP00000401802;"5706;ENSP00000401802"
[ENSG00000162063];ENSG00000162063;;ENSG00000162063;"Cluster;Outlier";[FBX1, CCNF, FBXO1, 899];[107339];FBX1;899;899;899
[ENSG00000197299];ENSG00000197299;;ENSG00000197299;Outlier;[BS, RECQL3, BLM, RECQ2, 641, RECQL2];[107110];BLM;641;ENSP00000347232;"641;ENSP00000347232"
[ENSG00000100526];ENSG00000100526;;ENSG00000100526;Outlier;[KAP1, CDI1, CIP2, 1033, KAP, CDKN3];[107467];CDKN3;1033;ENSP00000335357;"1033;ENSP00000335357"
[ENSG00000189060];ENSG00000189060;ENSG00000189060;ENSG00000189060;Outlier;[H1F0, 3005, H10, H1FV];[109260];H1F0;3005;ENSP00000344504;"3005;ENSP00000344504"
[ENSG00000065361];ENSG00000065361;;ENSG00000065361;Outlier;[ErbB-3, p180-ErbB3, LCCS2, c-erbB-3, 2065, c-erbB3, MDA-BF-1, erbB3-S, p45-sErbB3, ERBB3, p85-sErbB3, HER3];[108377];ERBB3;2065;ENSP00000267101;"2065;ENSP00000267101"
[ENSG00000140575];ENSG00000140575;;ENSG00000140575;"Cluster;Outlier";[HUMORFA01, IQGAP1, SAR1, 8826, p195];[114353];HUMORFA01;8826;8826;8826
[ENSG00000173801];ENSG00000173801;;ENSG00000173801;Outlier;[CTNNG, 3728, PKGB, JUP, ARVD12, DP3, PDGB, DPIII];[109931];CTNNG;3728;3728;"3728;ENSP00000311113"
[ENSG00000160691];ENSG00000160691;ENSG00000160691;ENSG00000160691;Outlier;[6464, SHC1, SHCA, RP11-307C12.1, SHC];[112361];SHC1;6464;6464;"6464;ENSP00000401303"
[ENSG00000197943];ENSG00000197943;;ENSG00000197943;Outlier;[PLC-IV, RP11-510J16.3, PLCG2, PLC-gamma-2, 5336, APLAID, FCAS3];[111352];PLCG2;5336;ENSP00000352336;"5336;ENSP00000352336"
[ENSG00000115904];ENSG00000115904;;ENSG00000115904;Outlier;[GINGF, GF1, 6654, HGF, GGF1, SOS1, NS4];[112537];GINGF;6654;6654;"6654;ENSP00000384675"
[ENSG00000080824];ENSG00000080824;;ENSG00000080824;Outlier;[HSP90N, HSPCAL1, HSP90AA1, HSPCAL4, EL52, HSP89A, HSPN, 3320, Hsp89, LAP-2, HSPC1, Hsp90, LAP2, HSP90A, HSP86, HSPCA];[109552];HSP90N;3320;3320;"3320;ENSP00000335153"
[ENSG00000155366];ENSG00000155366;;ENSG00000155366;Outlier;[H9, ARHC, 389, RP11-426L16.4, RHOC, ARH9, RHOH9];[106882];H9;389;389;"389;ENSP00000285735"
[ENSG00000169032];ENSG00000169032;;ENSG00000169032;"Cluster;Outlier";[MKK1, PRKMK1, MAP2K1, MEK1, MAPKK1, CFC3, 5604];[111590];MKK1;5604;5604;5604
[ENSG00000148082];ENSG00000148082;ENSG00000148082;ENSG00000148082;Outlier;[SHC3, SHCC, NSHC, 53358, RAI, RP11-82L18.3, N-Shc];[119752];SHC3;53358;ENSP00000364995;"53358;ENSP00000364995"
[ENSG00000166266];ENSG00000166266;ENSG00000166266;ENSG00000166266;Outlier;[CUL5, VACM1, 8065, VACM-1];[113743];CUL5;8065;ENSP00000376808;"8065;ENSP00000376808"
[ENSG00000026508];ENSG00000026508;;ENSG00000026508;Outlier;[HUTCH-I, IN, CDW44, CSPG8, MIC4, ECMR-III, MDU2, MDU3, 960, MC56, AL133330.1, LHR, HCELL, Pgp1, CD44];[107398];CD44;960;ENSP00000398632;"960;ENSP00000398632"
[ENSG00000144749];ENSG00000144749;ENSG00000105486;ENSG00000144749;Outlier;[LIG1, LRIG1, 26018, LIG-1];[117489];LRIG1;26018;ENSP00000273261;"26018;ENSP00000273261"
[ENSG00000196396];ENSG00000196396;ENSG00000196396;ENSG00000196396;Outlier;[PTPN1, 5770, PTP1B];[111736];PTPN1;5770;5770;"5770;ENSP00000360683"
[ENSG00000115415];ENSG00000115415;ENSG00000115415;ENSG00000115415;Outlier;[6772, STAT1, CANDF7, IMD31B, IMD31C, ISGF-3, STAT91, IMD31A];[112649];STAT1;6772;6772;"6772;ENSP00000354394"
[ENSG00000100351];ENSG00000100351;;ENSG00000100351;Outlier;[GrbX, GRPL, 9402, GRID, GADS, Grf40, RP3-370M22.1, Mona, P38, GRAP-2, GRAP2, GRBLG, GRB2L];[114799];GRAP2;9402;ENSP00000339186;"9402;ENSP00000339186"
[ENSG00000185634];ENSG00000185634;ENSG00000185634;ENSG00000185634;Outlier;[SHC4, SHCD, RaLP, UNQ6438/PRO21364, 399694];[134386];SHC4;399694;ENSP00000329668;"399694;ENSP00000329668"
[ENSG00000112851];ENSG00000112851;;ENSG00000112851;Outlier;[ERBB2IP, LAP2, ERBIN, HEL-S-78, 55914];[120997];ERBIN;55914;ENSP00000370330;"55914;ENSP00000370330"
[ENSG00000170606];ENSG00000170606;;ENSG00000170606;Outlier;[hsp70, HSPH2, APG-2, HS24/P52, HSPA4, HEL-S-5a, RY, hsp70RY, 3308];[109540];HSPA4;3308;ENSP00000302961;"3308;ENSP00000302961"
[ENSG00000105974];ENSG00000105974;;ENSG00000105974;Outlier;[BSCL3, VIP21, CGL3, CAV1, 857, MSTP085, PPH3, LCCNS];[107305];BSCL3;857;857;"857;ENSP00000339191"
[ENSG00000179295];ENSG00000179295;;ENSG00000179295;Outlier;[CFC, SHP2, 5781, PTP2C, PTPN11, PTP-1D, NS1, BPTP3, SH-PTP3, SH-PTP2];[111745];CFC;5781;5781;"5781;ENSP00000340944"
[ENSG00000186575];ENSG00000186575;;ENSG00000186575;Outlier;[4771, BANF, SCH, NF2, ACN];[110844];NF2;4771;ENSP00000344666;"4771;ENSP00000344666"
[ENSG00000163235];ENSG00000163235;ENSG00000163235;ENSG00000163235;Outlier;[7039, TGFA, TFGA];[112897];TGFA;7039;ENSP00000295400;"7039;ENSP00000295400"
[ENSG00000157168];ENSG00000157168;;ENSG00000157168;Outlier;[NRG1-IT2, HRGA, GGF, NRG1, MSTP131, HGL, GGF2, 3084, NDF, HRG1, ARIA, SMDF, HRG, MST131];[109332];NRG1;3084;ENSP00000349275;"3084;ENSP00000349275"
[ENSG00000152894];ENSG00000152894;;ENSG00000152894;Outlier;[R-PTP-kappa, 5796, RP3-480J14.1, PTPRK];[111760];R-PTP-kappa;5796;5796;"5796;ENSP00000357196"
[ENSG00000174808];ENSG00000174808;ENSG00000174808;ENSG00000174808;Outlier;[BTC, 685];[107150];BTC;685;685;"685;ENSP00000379092"
[ENSG00000169398];ENSG00000169398;;ENSG00000169398;Outlier;[FAK, FAK1, FADK, FRNK, pp125FAK, 5747, p125FAK, PTK2, PPP1R71];[111719];FAK;5747;5747;"5747;ENSP00000341189"
[ENSG00000141738];ENSG00000141738;ENSG00000141738;ENSG00000141738;Outlier;[GRB7, 2886];[109143];GRB7;2886;2886;"2886;ENSP00000403459"
[ENSG00000166598];ENSG00000166598;;ENSG00000166598;Outlier;[HEL35, ECGP, GP96, TRA1, GRP94, 7184, HSP90B1, HEL-S-125m];[113036];HEL35;7184;7184;"7184;ENSP00000299767"
[ENSG00000142273];ENSG00000142273;;ENSG00000142273;Outlier;[CBL-SL, RNF57, CBLC, CBL-3, 23624];[117156];CBL-SL;23624;23624;"23624;ENSP00000270279"
[ENSG00000143933];ENSG00000143933;;ENSG00000143933;Outlier;[CAMII, PHKD, PHKD2, 805, CALM2];[107256];CAMII;805;805;"805;ENSP00000272298"
[ENSG00000145715];ENSG00000145715;;ENSG00000145715;Outlier;[CM-AVM, PKWS, RASA1, GAP, p120GAP, p120RASGAP, CMAVM, RASGAP, 5921, RASA];[111856];RASA1;5921;ENSP00000274376;"5921;ENSP00000274376"
[ENSG00000152492];ENSG00000152492;;ENSG00000152492;Outlier;[C3orf6, 152137, YMER, DFNA44, CCDC50];[127431];CCDC50;152137;ENSP00000376250;"152137;ENSP00000376250"
[ENSG00000143333];ENSG00000143333;ENSG00000143333;ENSG00000143333;Outlier;[RGS16, RGS-R, 6004, A28-RGS14, A28-RGS14P];[111936];RGS16;6004;ENSP00000356529;"6004;ENSP00000356529"
[ENSG00000196689];ENSG00000196689;;ENSG00000196689;Outlier;[7442, VR1, TRPV1];[113281];TRPV1;7442;ENSP00000382659;"7442;ENSP00000382659"
[ENSG00000107295];ENSG00000107295;;ENSG00000107295;Outlier;[EEN-B1, SH3P4, SH3D2A, 6456, CNSA2, SH3GL2];[112353];SH3GL2;6456;ENSP00000369981;"6456;ENSP00000369981"
[ENSG00000126561];ENSG00000126561;ENSG00000126561;ENSG00000126561;Outlier;[STAT5A, 6776, STAT5, MGF];[112653];STAT5A;6776;6776;"6776;ENSP00000341208"
[ENSG00000163435];ENSG00000163435;ENSG00000163435;ENSG00000163435;Outlier;[ELF3, RP11-510N19.1, ERT, ESE-1, EPR-1, ESX, 1999];[108314];ELF3;1999;1999;"1999;ENSP00000352673"
[ENSG00000167193];ENSG00000167193;;ENSG00000167193;Outlier;[p38, 1398, CRKII, CRK];[107788];CRK;1398;ENSP00000300574;"1398;ENSP00000300574"
[ENSG00000183020];ENSG00000183020;;ENSG00000183020;Outlier;[HIP-9, ADTAB, HYPJ, CLAPA2, HIP9, 161, AP2A2];[106670];HIP-9;161;161;"161;ENSP00000413234"
[ENSG00000051382];ENSG00000051382;;ENSG00000051382;Outlier;[P110BETA, PI3K, PIK3C1, PIK3CB, 5291, PI3KBETA];[111309];P110BETA;5291;5291;"5291;ENSP00000289153"
[ENSG00000174791];ENSG00000174791;ENSG00000174791;ENSG00000174791;Outlier;[9610, RIN1];[114972];RIN1;9610;9610;"9610;ENSP00000310406"
[ENSG00000149177];ENSG00000149177;;ENSG00000149177;Outlier;[R-PTP-ETA, 5795, HPTPeta, SCC1, PTPRJ, CD148, DEP1];[111759];R-PTP-ETA;5795;5795;"5795;ENSP00000400010"
[ENSG00000159733];ENSG00000159733;ENSG00000159733;ENSG00000159733;Outlier;[57732, ZFYVE28, LST2, LYST2];[121752];ZFYVE28;57732;57732;"57732;ENSP00000290974"
[ENSG00000138592];ENSG00000138592;ENSG00000138592;ENSG00000138592;Outlier;[USP8, UBPY, 9101, HumORF8, SPG59];[114555];USP8;9101;9101;"9101;ENSP00000302239"
[ENSG00000028528];ENSG00000028528;ENSG00000028528;ENSG00000028528;Outlier;[SNX1, HsT17379, VPS5, 6642];[112525];SNX1;6642;ENSP00000453785;"6642;ENSP00000453785"
[ENSG00000116285];ENSG00000116285;ENSG00000116285;ENSG00000116285;Outlier;[ERRFI1, RALT, CTA-215D11.2, 54206, MIG-6, GENE-33, MIG6];[119923];ERRFI1;54206;ENSP00000366702;"54206;ENSP00000366702"
[ENSG00000111679];ENSG00000111679;;ENSG00000111679;Outlier;[SHP-1L, SHP1, HCPH, HCP, 5777, PTPN6, PTP-1C, SH-PTP1, SHP-1, HPTP1C];[111742];PTPN6;5777;ENSP00000391592;"5777;ENSP00000391592"
[ENSG00000185359];ENSG00000185359;ENSG00000185359;ENSG00000185359;Outlier;[9146, HGS, HRS];[114593];HGS;9146;9146;"9146;ENSP00000331201"
[ENSG00000221914];ENSG00000221914;;ENSG00000221914;Outlier;[B55A, PR55A, 5520, PPP2R2A, B55ALPHA, PR52A];[111512];PPP2R2A;5520;ENSP00000325074;"5520;ENSP00000325074"
[ENSG00000182533];ENSG00000182533;;ENSG00000182533;Outlier;[VIP21, CAV3, VIP-21, LGMD1C, LQT9, 859];[107307];CAV3;859;ENSP00000341940;"859;ENSP00000341940"
[ENSG00000171150];ENSG00000171150;;ENSG00000171150;Outlier;[CIS6, 9655, CISH6, Cish5, SOCS5, SOCS-5];[115013];SOCS5;9655;ENSP00000305133;"9655;ENSP00000305133"
[ENSG00000142798];ENSG00000142798;;ENSG00000142798;Outlier;[3339, RP11-132G19.2, HSPG, PRCAN, SJS1, PLC, SJA, HSPG2, SJS];[109571];HSPG2;3339;ENSP00000363827;"3339;ENSP00000363827"
[ENSG00000198561];ENSG00000198561;;ENSG00000198561;Outlier;[P120CAS, 1500, CAS, CTNND, CTNND1, P120CTN, p120];[107881];P120CAS;1500;1500;"1500;ENSP00000382004"
[ENSG00000118523];ENSG00000118523;;ENSG00000118523;Outlier;[IGFBP8, NOV2, CCN2, HCS24, 1490, CTGF];[107872];CTGF;1490;ENSP00000356954;"1490;ENSP00000356954"
[ENSG00000158092];ENSG00000158092;;ENSG00000158092;Outlier;[4690, nck-1, NCK, NCKalpha, NCK1];[110770];nck-1;4690;4690;"4690;ENSP00000288986"
[ENSG00000133056];ENSG00000133056;;ENSG00000133056;Outlier;[5287, RP11-739N20.5, C2-PI3K, PIK3C2B];[111305];RP11-739N20.5;5287;5287;"5287;ENSP00000356155"
[ENSG00000092820];ENSG00000092820;;ENSG00000092820;Outlier;[VIL2, 7430, HEL-S-105, CVL, CVIL, EZR];[113271];VIL2;7430;7430;"7430;ENSP00000338934"
[ENSG00000106070];ENSG00000106070;;ENSG00000106070;Outlier;[2887, RSS, GRB-IR, IRBP, MEG1, GRB10, Grb-10];[109144];GRB10;2887;ENSP00000381793;"2887;ENSP00000381793"
[ENSG00000170248];ENSG00000170248;ENSG00000170248;ENSG00000170248;Outlier;[PDCD6IP, ALIX, HP95, AIP1, DRIP4, 10015];[115332];PDCD6IP;10015;ENSP00000411825;"10015;ENSP00000411825"
[ENSG00000137752];ENSG00000137752;;ENSG00000137752;Outlier;[P45, IL1BC, CASP1, 834, ICE];[107284];CASP1;834;ENSP00000410076;"834;ENSP00000410076"
[ENSG00000120899];ENSG00000120899;;ENSG00000120899;Outlier;[FAK2, CADTK, PYK2, PKB, PTK, PTK2B, FADK2, CAKB, 2185, RAFTK];[108480];PTK2B;2185;ENSP00000332816;"2185;ENSP00000332816"
[ENSG00000173757];ENSG00000173757;ENSG00000173757;ENSG00000173757;Outlier;[STAT5B, 6777, STAT5];[112654];STAT5B;6777;6777;"6777;ENSP00000293328"
[ENSG00000196961];ENSG00000196961;;ENSG00000196961;Outlier;[AP2-ALPHA, ADTAA, AP2A1, CLAPA1, 160];[106669];AP2A1;160;ENSP00000351926;"160;ENSP00000351926"
[ENSG00000198793];ENSG00000198793;;ENSG00000198793;Outlier;[FRAP1, RAFT1, 2475, FRAP2, FRAP, RAPT1, MTOR];[108757];MTOR;2475;ENSP00000354558;"2475;ENSP00000354558"
[ENSG00000169047];ENSG00000169047;ENSG00000169047;ENSG00000169047;Outlier;[IRS1, 3667, HIRS-1];[109874];IRS1;3667;3667;"3667;ENSP00000304895"
[ENSG00000170345];ENSG00000170345;;ENSG00000170345;Outlier;[p55, C-FOS, 2353, FOS, AP-1];[108636];FOS;2353;ENSP00000306245;"2353;ENSP00000306245"
[ENSG00000105976];ENSG00000105976;;ENSG00000105976;Outlier;[4233, RCCP2, HGFR, c-Met, MET, AUTS9];[110391];MET;4233;ENSP00000317272;"4233;ENSP00000317272"
[ENSG00000063245];ENSG00000063245;ENSG00000063245;ENSG00000063245;Outlier;[EPN1, 29924];[118965];EPN1;29924;29924;"29924;ENSP00000406209"
[ENSG00000105568];ENSG00000105568;;ENSG00000105568;Outlier;[PP2AAALPHA, PPP2R1A, PP2A-Aalpha, PR65A, 5518];[111510];PPP2R1A;5518;ENSP00000324804;"5518;ENSP00000324804"
[ENSG00000061938];ENSG00000061938;ENSG00000061938;ENSG00000061938;Outlier;[TNK2, ACK1, ACK, 10188, p21cdc42Hs, ACK-1];[115485];TNK2;10188;10188;"10188;ENSP00000371341"
[ENSG00000000938];ENSG00000000938;ENSG00000000938;ENSG00000000938;Outlier;[FGR, p55c-fgr, p58-Fgr, p58c-fgr, 2268, c-src2, SRC2, RP1-159A19.2, c-fgr, p55-Fgr];[108559];FGR;2268;ENSP00000363115;"2268;ENSP00000363115"
[ENSG00000162434];ENSG00000162434;;ENSG00000162434;Outlier;[JTK3, 3716, JAK1B, JAK1A, JAK1];[109919];JTK3;3716;3716;"3716;ENSP00000343204"
[ENSG00000160293];ENSG00000160293;;ENSG00000160293;Outlier;[7410, VAV-2, VAV2];[113253];VAV2;7410;ENSP00000360916;"7410;ENSP00000360916"
[ENSG00000147010];ENSG00000147010;ENSG00000147010;ENSG00000147010;Outlier;[SH3KBP1, 30011, HSB-1, RP11-345L8.1, CIN85, HSB1, MIG18, CD2BP3, GIG10];[119029];SH3KBP1;30011;ENSP00000380921;"30011;ENSP00000380921"
[ENSG00000096384];ENSG00000096384;;ENSG00000096384;Outlier;[D6S182, 3326, HSP90AB1, RP1-302G2.1, HSP90B, HSPC2, HSPCB, HSP84];[109558];D6S182;3326;3326;"3326;ENSP00000325875"
[ENSG00000044115];ENSG00000044115;ENSG00000044115;ENSG00000044115;Outlier;[1495, CTNNA1, CAP102];[107876];CTNNA1;1495;1495;"1495;ENSP00000304669"
[ENSG00000165527];ENSG00000165527;ENSG00000165527;ENSG00000165527;Outlier;[382, ARF6];[106877];ARF6;382;382;"382;ENSP00000298316"
[ENSG00000099942];ENSG00000099942;ENSG00000099942;ENSG00000099942;Outlier;[1399, CRKL];[107789];CRKL;1399;ENSP00000346300;"1399;ENSP00000346300"
[ENSG00000168374];ENSG00000168374;ENSG00000168374;ENSG00000168374;"Cluster;Outlier";[ARF4, ARF2, 378];[106873];ARF4;378;ENSP00000306010;ENSP00000306010
[ENSG00000198712];ENSG00000198712;;ENSG00000198712;Outlier;[COII, COX2, 4513, MTCO2];[110616];COII;4513;4513;"4513;ENSP00000354876"
[ENSG00000085832];ENSG00000085832;;ENSG00000085832;Outlier;[AF-1P, AF1P, EPS15, MLLT5, 2060];[108374];AF-1P;2060;2060;"2060;ENSP00000360798"
[ENSG00000129515];ENSG00000129515;;ENSG00000129515;Outlier;[58533, MSTP010, TFAF2, SNX6];[121852];SNX6;58533;ENSP00000355217;"58533;ENSP00000355217"
[ENSG00000176105];ENSG00000176105;;ENSG00000176105;"Cluster;Outlier";[HsT441, YES1, c-yes, P61-YES, Yes, 7525];[113357];HsT441;7525;7525;7525
[ENSG00000253729];ENSG00000253729;;ENSG00000253729;"Cluster;Outlier";[5591, DNAPK, HYRC, DNA-PKcs, XRCC7, PRKDC, IMD26, p350, DNPK1, HYRC1];[111577];DNAPK;5591;5591;5591
[ENSG00000254087];ENSG00000254087;ENSG00000254087;ENSG00000254087;Outlier;[LYN, p53Lyn, p56Lyn, 4067, JTK8];[110245];LYN;4067;ENSP00000428924;"4067;ENSP00000428924"
[ENSG00000151491];ENSG00000151491;ENSG00000151491;ENSG00000151491;Outlier;[EPS8, 2059, DFNB102];[108373];EPS8;2059;ENSP00000281172;"2059;ENSP00000281172"
[ENSG00000154127];ENSG00000154127;;ENSG00000154127;Outlier;[TULA-2, UBASH3B, STS1, p70, TULA2, 84959, STS-1];[124390];UBASH3B;84959;ENSP00000284273;"84959;ENSP00000284273"
[ENSG00000101336];ENSG00000101336;ENSG00000101336;ENSG00000101336;Outlier;[HCK, RP5-836N17.3, p59Hck, 3055, JTK9, p61Hck];[109305];HCK;3055;3055;"3055;ENSP00000365012"
[ENSG00000102606];ENSG00000102606;;ENSG00000102606;Outlier;[PIXB, 8874, P50, P85, RP11-494P5.1, Nbla10314, P50BP, P85COOL1, P85SPR, ARHGEF7, PAK3, COOL1, BETA-PIX, COOL-1];[114393];ARHGEF7;8874;ENSP00000364893;"8874;ENSP00000364893"
[ENSG00000161203];ENSG00000161203;;ENSG00000161203;Outlier;[AP50, 1173, mu2, AP2M1, CLAPM1];[107587];AP50;1173;1173;"1173;ENSP00000292807"
[ENSG00000102755];ENSG00000102755;ENSG00000102755;ENSG00000102755;"Cluster;Overlap";[FLT1, VEGFR1, 2321, VEGFR-1, FLT-1, FLT];[108609];FLT1;2321;2321;2321
[ENSG00000142192];ENSG00000142192;ENSG00000142192;ENSG00000142192;"Cluster;Outlier";[APP, AAA, ABETA, CTFgamma, PN-II, PN2, APPI, CVAP, AD1, 351, ABPP];[106848];APP;351;351;351
[ENSG00000146072];ENSG00000146072;;ENSG00000146072;"Cluster;Outlier";[UNQ437/PRO868, 27242, BM-018, DR6, CD358, TNFRSF21];[118090];TNFRSF21;27242;ENSP00000296861;ENSP00000296861
[ENSG00000154734];ENSG00000154734;ENSG00000154734;ENSG00000154734;Outlier;[9510, ADAMTS1, C3-C5, METH1];[114888];ADAMTS1;9510;9510;"9510;ENSP00000284984"
[ENSG00000159388];ENSG00000159388;;ENSG00000159388;"Cluster;Outlier";[PC3, BTG2, 7832, TIS21];[113593];PC3;7832;7832;7832
[ENSG00000156650];ENSG00000156650;;ENSG00000156650;"Cluster;Outlier";[MYST4, MORF, KAT6B, ZC2HC6B, querkopf, 23522, GTPTS, qkf, MOZ2];[117069];MYST4;23522;23522;23522
[ENSG00000144554];ENSG00000144554;ENSG00000144554;ENSG00000144554;"Cluster;Outlier";[FANCD2, 2177, FA-D2, FA4, FAD, FAD2, FACD, FANCD];[108474];FANCD2;2177;2177;2177
[ENSG00000170689];ENSG00000170689;;ENSG00000170689;"Cluster;Outlier";[3219, HOX2, HOX-2.5, HOXB9, HOX2E];[109459];HOX2;3219;3219;3219
[ENSG00000163453];ENSG00000163453;;ENSG00000163453;Outlier;[IBP-7, PSF, IGFBPRP1, AGM, IGFBP-7, TAF, MAC25, IGFBP7, RAMSVPS, FSTL2, IGFBP-7v, 3490];[109711];IGFBP7;3490;ENSP00000295666;"3490;ENSP00000295666"
[ENSG00000102871];ENSG00000102871;;ENSG00000102871;"Cluster;Outlier";[Hs.89862, TRADD, 8717];[114257];Hs.89862;8717;8717;8717
[ENSG00000167548];ENSG00000167548;;ENSG00000167548;"Cluster;Outlier";[KMS, KMT2D, AAD10, KABUK1, MLL2, TNRC21, MLL4, ALR, CAGL114, 8085];[113758];KMT2D;8085;ENSP00000301067;ENSP00000301067
[ENSG00000163599];ENSG00000163599;;ENSG00000163599;Outlier;[ALPS5, CD, CD152, CELIAC3, IDDM12, GSE, CTLA4, 1493, CTLA-4, GRD4];[107875];CTLA4;1493;ENSP00000303939;"1493;ENSP00000303939"
[ENSG00000006016];ENSG00000006016;;ENSG00000006016;"Cluster;Outlier";[UNQ288/PRO327, CLF-1, 9244, NR6, CISS, CISS1, zcytor5, CLF, CRLF1];[114670];CRLF1;9244;ENSP00000376188;ENSP00000376188
[ENSG00000116288];ENSG00000116288;;ENSG00000116288;"Cluster;Outlier";[CTA-215D11.1, DJ-1, DJ1, PARK7, HEL-S-67p, 11315];[116446];CTA-215D11.1;11315;11315;11315
[ENSG00000113575];ENSG00000113575;ENSG00000113575;ENSG00000113575;Outlier;[PPP2CA, RP-C, PP2Ac, PP2Calpha, 5515, PP2CA];[111507];PPP2CA;5515;ENSP00000418447;"5515;ENSP00000418447"
[ENSG00000156983];ENSG00000156983;ENSG00000156983;ENSG00000156983;"Cluster;Outlier";[BRPF1, 7862, BR140];[113614];BRPF1;7862;7862;7862
[ENSG00000163875];ENSG00000163875;ENSG00000163875;ENSG00000163875;"Cluster;Outlier";[MEAF6, RP3-423B22.2, NY-SAR-91, EAF6, 64769, C1orf149, CENP-28];[122280];MEAF6;64769;64769;64769
[ENSG00000096070];ENSG00000096070;;ENSG00000096070;"Cluster;Outlier";[RP3-524E15.1, 27154, BRPF3];[118036];RP3-524E15.1;27154;27154;27154
[ENSG00000175899];ENSG00000175899;;ENSG00000175899;Outlier;[CPAMD5, 2, A2MD, FWP007, A2M, S863-7];[106524];CPAMD5;2;2;"2;ENSP00000323929"
[ENSG00000184937];ENSG00000184937;;ENSG00000184937;"Cluster;Outlier";[EWS-WT1, WT1, WT33, GUD, NPHS4, WIT-2, 7490, AWT1, WAGR];[113327];WT1;7490;ENSP00000331327;ENSP00000331327
[ENSG00000186265];ENSG00000186265;;ENSG00000186265;Outlier;[BTLA1, CD272, 151888, BTLA];[127411];BTLA;151888;ENSP00000333919;"151888;ENSP00000333919"
[ENSG00000129691];ENSG00000129691;;ENSG00000129691;"Cluster;Outlier";[ASH2, Bre2, 9070, ASH2L, ASH2L2, ASH2L1];[114528];ASH2L;9070;ENSP00000340896;ENSP00000340896
[ENSG00000164985];ENSG00000164985;;ENSG00000164985;"Cluster;Outlier";[DFS70, LEDGF, PSIP2, PSIP1, 11168, p52, PAIP, p75];[116339];PSIP1;11168;ENSP00000370109;ENSP00000370109
[ENSG00000118058];ENSG00000118058;;ENSG00000118058;"Cluster;Outlier";[MLL1, hCG_1732268, HTRX1, TET1-MLL, 4297, KMT2A, MLL, CXXC7, HRX, WDSTS, TRX1, ALL-1, MLL/GAS7, MLL1A];[110443];KMT2A;4297;ENSP00000436786;ENSP00000436786
[ENSG00000196363];ENSG00000196363;;ENSG00000196363;"Cluster;Outlier";[11091, BIG-3, SWD3, WDR5, CFAP89];[116272];WDR5;11091;ENSP00000351446;ENSP00000351446
[ENSG00000154640];ENSG00000154640;ENSG00000154640;ENSG00000154640;Outlier;[BTG3, TOFA, TOB55, ANA, TOB5, 10950];[116150];BTG3;10950;10950;"10950;ENSP00000344609"
[ENSG00000119383];ENSG00000119383;ENSG00000119383;ENSG00000119383;"Cluster;Outlier";[PTPA, PPP2R4, PR53, 5524, PP2A, RP11-247A12.4];[111516];PTPA;5524;ENSP00000351885;ENSP00000351885
[ENSG00000112679];ENSG00000112679;ENSG00000112679;ENSG00000112679;"Outlier;Overlap";[56940, DUSP22, RP11-328C17.1, LMW-DSP2, JKAP, JSP-1, MKPX, VHX, JSP1, MKP-x, LMWDSP2];[121264];DUSP22;56940;56940;56940
[ENSG00000107643];ENSG00000107643;;ENSG00000107643;Outlier;[SAPK1c, MAPK8, JNK21B1/2, JNK, 5599, JNK1, SAPK1, PRKM8, JNK-46, JNK1A2];[111585];SAPK1c;5599;5599;"5599;ENSP00000353483"
[ENSG00000056558];ENSG00000056558;;ENSG00000056558;Outlier;[EBI6, TRAF1, MGC:10353, 7185];[113037];EBI6;7185;7185;"7185;ENSP00000362994"
[ENSG00000125735];ENSG00000125735;ENSG00000125735;ENSG00000125735;Outlier;[8740, TNFSF14, TR2, LIGHT, HVEML, CD258, UNQ391/PRO726, LTg];[114277];TNFSF14;8740;8740;"8740;ENSP00000469049"
[ENSG00000131323];ENSG00000131323;ENSG00000131236;ENSG00000131323;Outlier;[7187, CAP1, CD40bp, TRAF3, LAP1, IIAE5, CAP-1, CRAF1];[113039];TRAF3;7187;ENSP00000376500;"7187;ENSP00000376500"
[ENSG00000143320];ENSG00000143320;;ENSG00000143320;Outlier;[RBP6, CRABP-II, CRABP2, RP11-66D17.4, 1382];[107773];CRABP2;1382;ENSP00000357204;"1382;ENSP00000357204"
[ENSG00000248333];ENSG00000248333;;ENSG00000248333;"Cluster;Outlier";[CDK11-p58, p58CLK-1, CDC2L1, PITSLREA, CDK11B, p58, 984, CLK-1, p58CDC2L1, CDK11-p110, CDK11, PK58, CDK11-p46];[107421];CDK11B;984;ENSP00000464036;ENSP00000464036
[ENSG00000140396];ENSG00000140396;ENSG00000140396;ENSG00000140396;Outlier;[NCOA2, GRIP1, NCoA-2, bHLHe75, KAT13C, TIF2, SRC2, 10499];[115761];NCOA2;10499;ENSP00000399968;"10499;ENSP00000399968"
[ENSG00000111424];ENSG00000111424;;ENSG00000111424;Outlier;[PPP1R163, NR1I1, 7421, VDR];[113264];VDR;7421;ENSP00000447173;"7421;ENSP00000447173"